timestamp,index,memory_used_mib,utilization_gpu_percent,power_draw_w,power_limit_w
2026/09/01 04:17:20.937, 0, 0, 0, 102.26, 700.00
2026/09/01 04:17:20.940, 1, 0, 0, 79.32, 700.00
2026/09/01 04:17:20.950, 2, 0, 0, 74.73, 700.00
2026/09/01 04:17:20.962, 3, 0, 0, 75.07, 700.00
2026/09/01 04:17:20.965, 4, 0, 0, 80.40, 700.00
2026/09/01 04:17:20.968, 5, 0, 0, 75.98, 700.00
2026/09/01 04:17:20.971, 6, 0, 0, 75.65, 700.00
2026/09/01 04:17:20.974, 7, 0, 0, 72.39, 700.00
2026/09/01 04:17:26.790, 0, 1, 0, 73.74, 700.00
2026/09/01 04:17:27.054, 1, 1, 0, 79.34, 700.00
2026/09/01 04:17:27.199, 2, 4, 0, 74.71, 700.00
2026/09/01 04:17:27.231, 3, 1, 0, 74.97, 700.00
2026/09/01 04:17:27.422, 4, 1, 0, 80.35, 700.00
2026/09/01 04:17:27.584, 5, 1, 0, 75.94, 700.00
2026/09/01 04:17:27.645, 6, 1, 0, 75.55, 700.00
2026/09/01 04:17:27.684, 7, 1, 0, 72.32, 700.00
2026/09/01 04:17:33.136, 0, 27, 0, 80.78, 700.00
2026/09/01 04:17:33.141, 1, 4, 0, 79.25, 700.00
2026/09/01 04:17:33.145, 2, 2609, 0, 117.17, 700.00
2026/09/01 04:17:33.153, 3, 4, 0, 74.96, 700.00
2026/09/01 04:17:33.156, 4, 4, 0, 80.25, 700.00
2026/09/01 04:17:33.159, 5, 4, 0, 75.92, 700.00
2026/09/01 04:17:33.166, 6, 4, 0, 75.48, 700.00
2026/09/01 04:17:33.173, 7, 4, 0, 72.31, 700.00
2026/09/01 04:17:38.330, 0, 4217, 18, 118.39, 700.00
2026/09/01 04:17:38.335, 1, 2609, 0, 124.08, 700.00
2026/09/01 04:17:38.337, 2, 4447, 6, 125.30, 700.00
2026/09/01 04:17:38.340, 3, 3239, 0, 119.01, 700.00
2026/09/01 04:17:38.343, 4, 2609, 0, 122.85, 700.00
2026/09/01 04:17:38.347, 5, 2609, 0, 119.95, 700.00
2026/09/01 04:17:38.351, 6, 2609, 0, 118.19, 700.00
2026/09/01 04:17:38.354, 7, 2609, 0, 113.68, 700.00
2026/09/01 04:17:46.636, 0, 4449, 18, 127.21, 700.00
2026/09/01 04:17:46.677, 1, 4447, 19, 135.52, 700.00
2026/09/01 04:17:46.740, 2, 4447, 19, 128.73, 700.00
2026/09/01 04:17:46.807, 3, 4447, 4, 123.11, 700.00
2026/09/01 04:17:46.823, 4, 4447, 9, 127.14, 700.00
2026/09/01 04:17:46.836, 5, 4413, 18, 129.39, 700.00
2026/09/01 04:17:46.850, 6, 4413, 20, 128.92, 700.00
2026/09/01 04:17:46.918, 7, 4419, 18, 124.05, 700.00
2026/09/01 04:17:52.183, 0, 4449, 18, 129.55, 700.00
2026/09/01 04:17:52.188, 1, 4447, 19, 134.93, 700.00
2026/09/01 04:17:52.191, 2, 4447, 18, 126.80, 700.00
2026/09/01 04:17:52.193, 3, 4449, 18, 129.77, 700.00
2026/09/01 04:17:52.204, 4, 4447, 6, 128.51, 700.00
2026/09/01 04:17:52.210, 5, 4413, 0, 119.91, 700.00
2026/09/01 04:17:52.214, 6, 5563, 18, 127.40, 700.00
2026/09/01 04:17:52.216, 7, 4419, 0, 114.14, 700.00
2026/09/01 04:17:57.381, 0, 4449, 4, 121.14, 700.00
2026/09/01 04:17:57.386, 1, 4447, 0, 124.94, 700.00
2026/09/01 04:17:57.389, 2, 4447, 19, 127.13, 700.00
2026/09/01 04:17:57.392, 3, 4449, 18, 130.93, 700.00
2026/09/01 04:17:57.395, 4, 4449, 18, 133.86, 700.00
2026/09/01 04:17:57.398, 5, 5563, 19, 130.52, 700.00
2026/09/01 04:17:57.403, 6, 5589, 7, 122.25, 700.00
2026/09/01 04:17:57.407, 7, 5571, 18, 123.96, 700.00
2026/09/01 04:18:02.557, 0, 4449, 18, 128.48, 700.00
2026/09/01 04:18:02.564, 1, 5599, 19, 136.01, 700.00
2026/09/01 04:18:02.566, 2, 4449, 20, 128.20, 700.00
2026/09/01 04:18:02.569, 3, 4449, 18, 129.27, 700.00
2026/09/01 04:18:02.572, 4, 4449, 19, 134.88, 700.00
2026/09/01 04:18:02.575, 5, 5603, 7, 124.11, 700.00
2026/09/01 04:18:02.579, 6, 5591, 20, 129.22, 700.00
2026/09/01 04:18:02.582, 7, 5575, 7, 118.58, 700.00
2026/09/01 04:18:07.735, 0, 0, 0, 121.04, 700.00
2026/09/01 04:18:07.742, 1, 5599, 0, 129.73, 700.00
2026/09/01 04:18:07.746, 2, 5569, 0, 121.18, 700.00
2026/09/01 04:18:07.751, 3, 4449, 19, 129.40, 700.00
2026/09/01 04:18:07.760, 4, 4449, 19, 133.96, 700.00
2026/09/01 04:18:07.770, 5, 5603, 11, 123.86, 700.00
2026/09/01 04:18:07.772, 6, 5591, 20, 129.85, 700.00
2026/09/01 04:18:07.775, 7, 5575, 18, 126.68, 700.00
2026/09/01 04:18:12.956, 0, 0, 0, 73.69, 700.00
2026/09/01 04:18:12.962, 1, 5603, 6, 129.35, 700.00
2026/09/01 04:18:12.965, 2, 0, 0, 74.87, 700.00
2026/09/01 04:18:12.969, 3, 4449, 18, 129.28, 700.00
2026/09/01 04:18:12.973, 4, 4449, 19, 135.00, 700.00
2026/09/01 04:18:12.975, 5, 5603, 18, 130.24, 700.00
2026/09/01 04:18:12.978, 6, 5591, 20, 130.44, 700.00
2026/09/01 04:18:12.983, 7, 0, 0, 118.57, 700.00
2026/09/01 04:18:18.159, 0, 0, 0, 73.60, 700.00
2026/09/01 04:18:18.166, 1, 5603, 7, 130.06, 700.00
2026/09/01 04:18:18.168, 2, 0, 0, 74.84, 700.00
2026/09/01 04:18:18.172, 3, 4449, 19, 129.57, 700.00
2026/09/01 04:18:18.175, 4, 4451, 7, 128.12, 700.00
2026/09/01 04:18:18.179, 5, 5603, 18, 130.05, 700.00
2026/09/01 04:18:18.183, 6, 0, 0, 75.94, 700.00
2026/09/01 04:18:18.189, 7, 0, 0, 72.54, 700.00
2026/09/01 04:18:25.001, 0, 0, 0, 73.54, 700.00
2026/09/01 04:18:25.068, 1, 5603, 19, 135.67, 700.00
2026/09/01 04:18:25.097, 2, 0, 0, 74.71, 700.00
2026/09/01 04:18:25.153, 3, 4449, 19, 130.12, 700.00
2026/09/01 04:18:25.176, 4, 4451, 19, 134.35, 700.00
2026/09/01 04:18:25.226, 5, 5603, 18, 129.97, 700.00
2026/09/01 04:18:25.251, 6, 0, 0, 75.71, 700.00
2026/09/01 04:18:25.271, 7, 0, 0, 72.47, 700.00
2026/09/01 04:18:30.634, 0, 0, 0, 73.48, 700.00
2026/09/01 04:18:30.644, 1, 5603, 19, 135.95, 700.00
2026/09/01 04:18:30.654, 2, 0, 0, 74.68, 700.00
2026/09/01 04:18:30.659, 3, 4449, 0, 119.54, 700.00
2026/09/01 04:18:30.663, 4, 4451, 18, 134.38, 700.00
2026/09/01 04:18:30.666, 5, 5603, 18, 129.84, 700.00
2026/09/01 04:18:30.669, 6, 0, 0, 75.65, 700.00
2026/09/01 04:18:30.675, 7, 0, 0, 72.43, 700.00
2026/09/01 04:18:35.869, 0, 0, 0, 73.42, 700.00
2026/09/01 04:18:35.873, 1, 5603, 19, 135.14, 700.00
2026/09/01 04:18:35.877, 2, 0, 0, 74.64, 700.00
2026/09/01 04:18:35.881, 3, 0, 1, 121.91, 700.00
2026/09/01 04:18:35.883, 4, 4451, 19, 136.00, 700.00
2026/09/01 04:18:35.887, 5, 5603, 18, 130.55, 700.00
2026/09/01 04:18:35.890, 6, 0, 0, 75.62, 700.00
2026/09/01 04:18:35.896, 7, 0, 0, 72.38, 700.00
2026/09/01 04:18:41.091, 0, 0, 0, 73.43, 700.00
2026/09/01 04:18:41.095, 1, 5603, 19, 135.05, 700.00
2026/09/01 04:18:41.098, 2, 0, 0, 74.64, 700.00
2026/09/01 04:18:41.103, 3, 0, 0, 75.12, 700.00
2026/09/01 04:18:41.108, 4, 4451, 19, 134.35, 700.00
2026/09/01 04:18:41.113, 5, 5603, 19, 131.03, 700.00
2026/09/01 04:18:41.116, 6, 0, 0, 75.48, 700.00
2026/09/01 04:18:41.120, 7, 0, 0, 72.31, 700.00
2026/09/01 04:18:46.516, 0, 0, 0, 73.42, 700.00
2026/09/01 04:18:46.530, 1, 5603, 19, 135.22, 700.00
2026/09/01 04:18:46.538, 2, 0, 0, 74.64, 700.00
2026/09/01 04:18:46.547, 3, 0, 0, 75.03, 700.00
2026/09/01 04:18:46.611, 4, 4451, 19, 136.26, 700.00
2026/09/01 04:18:46.621, 5, 5603, 19, 130.65, 700.00
2026/09/01 04:18:46.629, 6, 0, 0, 75.41, 700.00
2026/09/01 04:18:46.639, 7, 0, 0, 72.30, 700.00
2026/09/01 04:18:51.894, 0, 0, 0, 73.40, 700.00
2026/09/01 04:18:51.900, 1, 5603, 19, 134.84, 700.00
2026/09/01 04:18:51.903, 2, 0, 0, 74.61, 700.00
2026/09/01 04:18:51.906, 3, 0, 0, 74.97, 700.00
2026/09/01 04:18:51.910, 4, 0, 0, 80.83, 700.00
2026/09/01 04:18:51.913, 5, 5603, 19, 131.92, 700.00
2026/09/01 04:18:51.919, 6, 0, 0, 75.38, 700.00
2026/09/01 04:18:51.922, 7, 0, 0, 72.24, 700.00
2026/09/01 04:18:57.118, 0, 0, 0, 73.39, 700.00
2026/09/01 04:18:57.121, 1, 5603, 19, 135.85, 700.00
2026/09/01 04:18:57.126, 2, 0, 0, 74.57, 700.00
2026/09/01 04:18:57.129, 3, 0, 0, 74.91, 700.00
2026/09/01 04:18:57.133, 4, 0, 0, 80.70, 700.00
2026/09/01 04:18:57.137, 5, 0, 0, 76.29, 700.00
2026/09/01 04:18:57.141, 6, 0, 0, 75.44, 700.00
2026/09/01 04:18:57.145, 7, 0, 0, 72.25, 700.00
2026/09/01 04:19:02.402, 0, 0, 0, 73.31, 700.00
2026/09/01 04:19:02.405, 1, 5603, 19, 136.01, 700.00
2026/09/01 04:19:02.411, 2, 0, 0, 74.56, 700.00
2026/09/01 04:19:02.418, 3, 0, 0, 74.86, 700.00
2026/09/01 04:19:02.423, 4, 0, 0, 80.58, 700.00
2026/09/01 04:19:02.431, 5, 0, 0, 76.18, 700.00
2026/09/01 04:19:02.436, 6, 0, 0, 75.34, 700.00
2026/09/01 04:19:02.442, 7, 0, 0, 72.29, 700.00
2026/09/01 04:19:07.641, 0, 0, 0, 73.33, 700.00
2026/09/01 04:19:07.645, 1, 5603, 19, 134.86, 700.00
2026/09/01 04:19:07.648, 2, 0, 0, 74.55, 700.00
2026/09/01 04:19:07.651, 3, 0, 0, 74.81, 700.00
2026/09/01 04:19:07.657, 4, 0, 0, 80.39, 700.00
2026/09/01 04:19:07.660, 5, 0, 0, 76.12, 700.00
2026/09/01 04:19:07.663, 6, 0, 0, 75.34, 700.00
2026/09/01 04:19:07.668, 7, 0, 0, 72.22, 700.00
